{"duration": 0.009966850280761719, "input_args": {"text": "'computer cpu memory ram'"}, "time": 1723796945.9887383}