{"duration": 0.003000974655151367, "input_args": {"text": "'computer cpu memory'"}, "time": 1723797056.747993}